№;URL;Title;01.12.2021;02.12.2021;04.12.2021;05.12.2021;06.12.2021;07.12.2021;08.12.2021;11.12.2021;12.12.2021;13.12.2021;16.12.2021;18.12.2021;20.12.2021;21.12.2021;22.12.2021;24.12.2021;25.12.2021;26.12.2021;27.12.2021;28.12.2021;30.12.2021;31.12.2021;02.01.2022;03.01.2022;04.01.2022;06.01.2022;07.01.2022;08.01.2022;09.01.2022;10.01.2022;11.01.2022;12.01.2022;13.01.2022;15.01.2022;16.01.2022;17.01.2022;18.01.2022;19.01.2022;21.01.2022;23.01.2022;26.01.2022
0;https://lenta.com/product/majjonez-sloboda-na-perepelinyh-yajjcah-67-rossiya-200ml-297460/;Майонез СЛОБОДА на перепелиных яйцах 67%, 200мл, Россия, 200 мл;49.99;49.99;49.99;49.99;49.99;49.99;49.99;49.99;49.99;59.99;59.99;59.99;59.99;59.99;59.99;59.99;59.99;59.99;59.99;59.99;59.99;59.99;59.99;59.99;59.99;59.99;59.99;59.99;59.99;59.99;59.99;59.99;59.99;59.99;59.99;59.99;59.99;59.99;59.99;59.99;59.99
1;https://lenta.com/product/majjonez-lenta-provansal-67-rossiya-460ml-282352/;Майонез ЛЕНТА Провансаль 67%, 460мл, Россия, 460 мл;79.99;79.99;79.99;79.99;79.99;79.99;79.99;79.99;79.99;79.99;64.99;64.99;64.99;64.99;64.99;64.99;64.99;64.99;64.99;64.99;64.99;64.99;64.99;64.99;64.99;79.99;79.99;79.99;79.99;79.99;79.99;79.99;79.99;79.99;79.99;79.99;67.99;67.99;69.99;69.99;79.99
2;https://lenta.com/product/ogurcy-bonduelle-marinovannye-69-sm-indiya-720ml-118043/;Огурцы маринованные BONDUELLE Expert, 6–9см, 720мл,  720 мл;193.99;193.99;193.99;193.99;193.99;193.99;193.99;193.99;193.99;193.99;149.89;149.89;149.89;149.89;149.89;149.89;149.89;149.89;149.89;149.89;149.89;149.89;149.89;149.89;149.89;193.99;193.99;193.99;193.99;193.99;193.99;193.99;193.99;193.99;193.99;193.99;193.99;193.99;193.99;193.99;193.99
3;https://lenta.com/product/ogurcy-365-dnejj-marinovannye-rossiya-720ml-165369/;Огурцы маринованные 365 ДНЕЙ, 720мл, Россия, 720 мл;79.99;79.99;79.99;79.99;79.99;79.99;79.99;79.99;79.99;79.99;79.99;79.99;79.99;79.99;79.99;79.99;79.99;79.99;79.99;79.99;79.99;79.99;79.99;79.99;79.99;79.99;79.99;79.99;79.99;79.99;79.99;79.99;79.99;78.99;78.99;78.99;79.99;79.99;79.99;79.99;79.99
4;https://lenta.com/product/syr-brestlitovsk-legkijj-35-fas-belarus-200g-299179/;Сыр БРЕСТ-ЛИТОВСК Легкий 35%, без змж, 200г, Беларусь, 200 г;189.99;189.99;189.99;189.99;189.99;189.99;189.99;189.99;189.99;189.99;189.99;189.99;189.99;189.99;189.99;189.99;189.99;189.99;189.99;189.99;189.99;189.99;189.99;189.99;189.99;189.99;189.99;189.99;189.99;189.99;189.99;189.99;189.99;189.99;189.99;189.99;189.99;189.99;189.99;189.99;189.99
5;https://lenta.com/product/syr-lenta-gauda-45-ves-rossiya-1kg-469640/;Сыр ЛЕНТА Гауда 45%, без змж, весовой, Россия;599.99;599.99;599.99;not found;599.99;599.99;599.99;599.99;599.99;599.99;599.99;599.99;599.99;599.99;599.99;599.99;599.99;599.99;599.99;599.99;599.99;599.99;599.99;499.99;499.99;499.99;499.99;499.99;499.99;499.99;499.99;499.99;499.99;499.99;499.99;599.99;599.99;599.99;599.99;599.99;599.99
6;https://lenta.com/product/syr-president-myagkijj-s-belojj-plesenyu-petit-brie-60-bez-zmzh-rossiya-125g-529204/;Сыр мягкий PRESIDENT Petit Brie с белой плесенью 60%, без змж, 125г, Россия, 125 г;219.89;219.89;219.89;219.89;219.89;219.89;219.89;219.89;219.89;219.89;299.99;249.99;249.99;249.99;249.99;249.99;249.99;249.99;249.99;249.99;249.99;249.99;249.99;249.99;249.99;299.99;299.99;299.99;299.99;299.99;299.99;299.99;329.99;329.99;not found;329.99;329.99;329.99;229.99;229.99;229.99
7;https://lenta.com/product/kolbasa-mk-velikolukskijj-doktorskaya-var-gost-pa-v-obvyazke-rossiya-500g-437928/;Колбаса вареная МК ВЕЛИКОЛУКСКИЙ Докторская ГОСТ в обвязке, 500г, Россия, 500 г;182.99;288.99;182.99;182.99;182.99;182.99;not found;268.99;268.99;268.99;149.99;not found;149.99;149.99;149.99;149.99;149.99;149.99;149.99;149.99;149.99;149.99;149.99;149.99;149.99;268.99;169.99;169.99;169.99;169.99;169.99;169.99;268.99;162.99;162.99;162.99;162.99;162.99;169.99;169.99;169.99
8;https://lenta.com/product/kolbasa-casademont-fuet-ekstra-sv-za-rossiya-150g-325596/;Колбаса сыровяленая CASADEMONT Фуэт Экстра, 150г, Россия, 150 г;not found;not found;not found;349.99;349.99;349.99;349.99;349.99;349.99;349.99;199.89;199.89;199.89;199.89;199.89;199.89;199.89;199.89;199.89;199.89;199.89;199.89;199.89;not found;not found;378.99;378.99;378.99;378.99;378.99;378.99;378.99;378.99;not found;378.99;378.99;378.99;378.99;378.99;378.99;378.99
9;https://lenta.com/product/kolbasa-dymov-salyami-finskaya-pk-vu-ves-rossiya-598109/;Колбаса полукопченая ДЫМОВ Салями Финская, весовая, Россия;399.99;399.99;399.99;399.99;399.99;399.99;399.99;399.99;399.99;399.99;699.89;459.99;459.99;459.99;459.99;699.89;699.89;not found;699.89;441.99;441.99;441.99;441.99;441.99;699.89;441.99;441.99;441.99;441.99;441.99;423.99;423.99;423.99;423.99;not found;not found;not found;not found;699.89;699.89;379.99
10;https://lenta.com/product/kolbasa-lenta-prazdnichnaya-sk-vu-ves-rossiya-1kg-462249/;Колбаса сырокопченая ЛЕНТА Праздничная, весовая, Россия;748.99;748.99;748.99;748.99;748.99;748.99;748.99;748.99;748.99;748.99;748.99;748.99;748.99;748.99;748.99;748.99;748.99;748.99;748.99;748.99;748.99;748.99;748.99;748.99;not found;748.99;748.99;748.99;748.99;748.99;748.99;748.99;748.99;748.99;748.99;748.99;748.99;748.99;779.99;779.99;779.99
11;https://lenta.com/product/goroshek-365-dnejj-konservirovannyjj-kitajj-212ml-454915/;Горошек зеленый 365 ДНЕЙ консервированный, 212мл, Китай, 212 мл;not found;not found;not found;not found;not found;not found;not found;not found;not found;not found;not found;not found;not found;not found;not found;not found;not found;not found;not found;not found;not found;not found;not found;not found;not found;not found;not found;not found;not found;not found;not found;not found;not found;not found;not found;not found;not found;not found;not found;not found;not found
12;https://lenta.com/product/goroshek-zelenyjj-bonduelle-vengriya-212ml-276866/;Горошек зеленый BONDUELLE Classique Нежный, 212мл, Венгрия, 212 мл;54.89;54.89;54.89;54.89;54.89;54.89;54.89;54.89;54.89;54.89;64.79;64.79;64.79;64.79;64.79;64.79;66.69;66.69;66.69;66.69;66.69;66.69;66.69;66.69;66.69;66.69;66.69;66.69;66.69;66.69;66.69;66.69;66.69;64.89;64.89;64.89;64.89;64.89;64.89;64.89;64.89
13;https://lenta.com/product/goroshek-zelenyjj-lenta-rossiya-425ml-087972/;Горошек зеленый ЛЕНТА, 425мл, Россия, 425 мл;74.99;74.99;74.99;74.99;54.89;54.89;54.89;54.89;54.89;54.89;54.89;54.89;54.89;54.89;54.89;54.89;54.89;not found;54.89;54.89;54.89;54.89;54.89;54.89;54.89;59.99;59.99;59.99;59.99;59.99;59.99;59.99;59.99;59.99;59.99;74.99;74.99;74.99;64.99;64.99;64.99
14;https://lenta.com/product/kukuruza-lenta-rossiya-425ml-334015/;Кукуруза ЛЕНТА, 425мл, Россия, 425 мл;74.99;74.99;74.99;74.99;54.89;54.89;54.89;54.89;54.89;54.89;54.89;54.89;54.89;54.89;54.89;54.89;54.89;not found;54.89;54.89;54.89;54.89;54.89;54.89;54.89;59.99;59.99;59.99;59.99;59.99;59.99;59.99;59.99;59.99;59.99;74.99;74.99;74.99;64.99;64.99;64.99
15;https://lenta.com/product/kukuruza-bonduelle-sladkaya-v-zernah-vengriya-580ml-137338/;Кукуруза BONDUELLE Classique, золотистая, 580мл, Венгрия, 580 мл;194.99;194.99;194.99;194.99;194.99;194.99;194.99;194.99;194.99;194.99;194.99;not found;194.99;194.99;194.99;194.99;194.99;194.99;194.99;194.99;194.99;194.99;194.99;194.99;194.99;194.99;194.99;194.99;194.99;194.99;149.99;149.99;149.99;149.99;149.99;149.99;149.99;149.99;149.99;149.99;194.99
16;https://lenta.com/product/moloko-lenta-past-32-rossiya-1700ml-475870/;Молоко пастеризованное ЛЕНТА 3,2%, без змж, 1700мл, Россия, 1700 мл;124.99;not found;not found;124.99;124.99;not found;not found;not found;not found;not found;124.99;not found;not found;not found;136.99;136.99;136.99;136.99;136.99;136.99;136.99;136.99;136.99;not found;not found;not found;not found;not found;136.99;136.99;136.99;136.99;136.99;136.99;not found;not found;not found;136.99;136.99;136.99;not found
17;https://lenta.com/product/moloko-mz-piskarevskijj-past-pitevoe-piskarevskoe-25-rossiya-900g-093598/;Молоко пастеризованное МЗ ПИСКАРЕВСКИЙ Пискарёвское 2,5%, без змж, 900мл, Россия, 900 мл;57.49;57.49;60.39;60.39;60.39;60.39;60.39;61.89;61.89;61.89;61.89;61.89;61.89;61.89;61.89;61.89;61.89;61.89;61.89;61.89;61.89;61.89;61.89;61.89;61.89;61.89;61.89;61.89;61.89;61.89;61.89;61.89;61.89;61.89;61.89;61.89;61.89;61.89;61.89;55.99;55.99
18;https://lenta.com/product/moloko-sgushchennoe-alekseevskoe-gost-sashet-s-dozatorom-rossiya-650g-189454/;Молоко сгущенное АЛЕКСЕЕВСКОЕ цельное с сахаром 8,5%, без змж ГОСТ, 650г, Россия, 650 г;149.89;149.89;149.89;149.89;149.89;149.89;149.89;149.89;149.89;149.89;189.89;189.89;203.09;203.09;203.09;203.09;209.19;209.19;209.19;209.19;209.19;209.19;209.19;209.19;209.19;209.19;209.19;209.19;209.19;not found;not found;not found;not found;not found;194.89;216.89;216.89;216.89;216.89;216.89;159.99
19;https://lenta.com/product/moloko-sgushchennoe-bonvida-celnoe-s-saharom-bez-zmzh-85-rossiya-950g-531068/;Молоко сгущенное BONVIDA цельное с сахаром 8,5% без ЗМЖ, 950г, Россия, 950 г;279.99;279.99;279.99;279.99;279.99;279.99;279.99;279.99;279.99;279.99;279.99;279.99;279.99;279.99;279.99;279.99;279.99;279.99;279.99;279.99;279.99;279.99;279.99;279.99;279.99;279.99;279.99;279.99;279.99;279.99;279.99;279.99;279.99;249.99;249.99;249.99;249.99;279.99;279.99;279.99;279.99
20;https://lenta.com/product/566494-rossiya-566494/;Сахар белый РУССКИЙ САХАР кусковой, 1кг, Россия, 1 кг;95.49;95.49;95.49;95.49;95.49;95.49;95.49;95.49;95.49;95.49;95.49;95.49;95.49;95.49;95.49;95.49;95.49;95.49;95.49;95.49;95.49;95.49;95.49;95.49;95.49;95.49;95.49;95.49;95.49;95.49;95.49;95.49;95.49;95.49;95.49;95.49;95.49;95.49;95.49;95.49;95.49
21;https://lenta.com/product/sahar-lenta-trostnikovyjj-rossiya-900g-470385/;Сахар тростниковый ЛЕНТА, 900г, Россия, 900 г;159.99;159.99;159.99;159.99;159.99;159.99;159.99;159.99;159.99;159.99;159.99;159.99;159.99;159.99;159.99;159.99;159.99;159.99;159.99;159.99;159.99;159.99;159.99;159.99;159.99;159.99;159.99;159.99;159.99;159.99;159.99;159.99;159.99;159.99;159.99;179.99;159.99;159.99;159.99;159.99;159.99
22;https://lenta.com/product/sahar-gost-332222015-rossiya-900g-517814/;Сахар, 900г, Россия, 900 г;52.99;52.99;52.99;52.99;52.99;52.99;52.99;52.99;52.99;52.99;52.99;52.99;52.99;52.99;52.99;52.99;54.99;54.99;54.99;54.99;54.99;54.99;54.99;54.99;54.99;54.99;54.99;54.99;54.99;54.99;54.99;54.99;54.99;54.99;54.99;54.99;54.99;54.99;54.99;54.99;54.99
23;https://lenta.com/product/ananasy-lenta-kolcami-v-sirope-tailand-580ml-375241/;Ананасы ЛЕНТА кольца в сиропе, 580мл, Таиланд, 580 мл;169.99;169.99;169.99;169.99;129.89;129.89;129.89;119.99;119.99;119.99;129.89;129.89;129.89;129.89;129.89;129.89;129.89;129.89;not found;129.89;129.89;129.89;129.89;119.99;119.99;119.99;119.99;119.99;119.99;119.99;119.99;119.99;119.99;119.99;119.99;169.99;169.99;169.99;142.99;142.99;142.99
24;https://lenta.com/product/ananasy-365-dnejj-kusochkami-v-sirope-tailand-425ml-565925/;Ананасы 365 ДНЕЙ кусочки в сиропе, 425мл, Таиланд, 425 мл;99.99;99.99;99.99;99.99;99.99;99.99;99.99;99.99;not found;not found;not found;not found;not found;not found;not found;not found;not found;not found;not found;not found;not found;not found;not found;not found;not found;not found;not found;not found;not found;not found;not found;not found;not found;not found;not found;not found;not found;not found;not found;not found;not found
25;https://lenta.com/product/sok-rich-ananasovyjj-tpak-rossiya-1l-062483/;Сок RICH Ананас, 1л, Россия, 1 L;161.28;169.29;169.29;169.29;169.29;169.29;169.29;169.29;169.29;169.29;169.29;169.29;169.29;169.29;169.29;169.29;169.29;169.29;169.29;169.29;169.29;169.29;169.29;169.29;169.29;169.29;169.29;169.29;169.29;169.29;169.29;169.29;169.29;169.29;169.29;169.29;169.29;169.29;169.29;169.29;169.29
26;https://lenta.com/product/nektar-dobryjj-ananasovyjj-tpak-rossiya-2l-059017/;Нектар ДОБРЫЙ Ананас, 2л, Россия, 2 L;197.99;197.99;197.99;197.99;197.99;197.99;197.99;197.99;197.99;197.99;197.99;197.99;197.99;197.99;197.99;197.99;197.99;197.99;197.99;197.99;197.99;197.99;197.99;197.99;197.99;197.99;197.99;197.99;197.99;197.99;197.99;197.99;197.99;197.99;197.99;197.99;197.99;197.99;197.99;197.99;197.99
27;https://lenta.com/product/greckijj-oreh-bonvida-kitajj-500g-520163/;Грецкий орех BONVIDA, 500г, Россия, 500 г;649.99;649.99;549.99;549.99;549.99;549.99;549.99;549.99;549.99;549.99;549.99;549.99;549.99;549.99;649.99;649.99;649.99;649.99;649.99;649.99;649.99;649.99;649.99;649.99;499.99;499.99;not found;499.99;499.99;499.99;not found;499.99;499.99;499.99;499.99;499.99;499.99;499.99;649.99;649.99;499.99
28;https://lenta.com/product/batonchik-shokoladnyjj-snickers-lesnojj-oreh-rossiya-81g-113556/;Батончик шоколадный SNICKERS Лесной орех, 81г, Россия, 81 г;39.89;39.89;39.89;39.89;39.89;39.89;39.89;39.89;39.89;43.89;43.89;43.89;43.89;43.89;43.89;43.89;43.89;43.89;43.89;43.89;43.89;43.89;43.89;43.89;43.89;59.99;59.99;59.99;59.99;59.99;59.99;43.89;43.89;43.89;43.89;43.89;43.89;43.89;43.89;43.89;39.89
29;https://lenta.com/product/kuraga-bonvida-rossiya-500g-519492/;Курага BONVIDA 500г, Россия, 500 г;199.99;199.99;199.99;199.99;199.99;199.99;199.99;199.99;199.99;199.99;199.99;199.99;199.99;199.99;199.99;199.99;199.99;199.99;199.99;not found;not found;not found;not found;not found;not found;not found;not found;not found;not found;not found;not found;not found;not found;not found;not found;not found;not found;not found;not found;not found;not found
30;https://lenta.com/product/kuraga-lenta-bez-kostochki-rossiya-200g-353782/;Курага ЛЕНТА без косточки, 200г, Россия, 200 г;119.99;119.99;149.99;149.99;149.99;149.99;149.99;149.99;149.99;149.99;119.99;119.99;119.99;119.99;119.99;119.99;119.99;119.99;119.99;119.99;119.99;119.99;119.99;119.99;119.99;149.99;149.99;149.99;149.99;149.99;149.99;149.99;149.99;149.99;149.99;149.99;149.99;149.99;119.99;119.99;119.99
31;https://lenta.com/product/griby-shampinony-ves-1kg-364228/;Шампиньоны, весовые;169.89;151.99;156.49;156.49;156.49;156.49;178.99;168.99;168.99;168.99;not found;225.89;225.89;225.89;225.89;225.89;184.49;184.49;184.49;184.49;not found;not found;188.39;188.39;188.39;189.99;189.99;not found;189.99;189.99;189.99;189.99;not found;179.99;not found;not found;not found;not found;not found;not found;189.99
32;https://lenta.com/product/griby-kedrovyjj-bor-opyata-konservirovannye-marinovannye-rossiya-500g-289143/;Опята маринованные КЕДРОВЫЙ БОР Таежный сбор, 500г, Россия, 500 г;275.09;275.09;275.09;275.09;275.09;275.09;275.09;275.09;275.09;275.09;275.09;275.09;275.09;275.09;275.09;275.09;275.09;275.09;275.09;275.09;267.89;267.89;267.89;267.89;267.89;267.89;267.89;267.89;267.89;267.89;267.89;275.09;275.09;275.09;275.09;275.09;275.09;275.09;275.09;275.09;275.09
33;https://lenta.com/product/olivki-bonduelle-zelenye-bk-ispaniya-314ml-119127/;Оливки без косточки BONDUELLE Classique, 314мл, Испания, 314 мл;142.09;142.09;142.09;142.09;142.09;142.09;142.09;143.89;143.89;143.89;99.89;99.89;99.89;99.89;99.89;99.89;99.89;99.89;99.89;99.89;99.89;99.89;99.89;99.89;99.89;143.89;143.89;143.89;143.89;143.89;99.99;99.99;99.99;99.99;99.99;99.99;99.99;99.99;99.99;99.99;134.89
34;https://lenta.com/product/olivki-lenta-farshirovannye-limonom-ispaniya-130g-508808/;Оливки с лимоном ЛЕНТА зеленые, 314мл, Испания, 314 мл;129.99;129.99;129.99;129.99;129.99;129.99;129.99;129.99;129.99;129.99;79.89;79.89;79.89;not found;not found;not found;not found;not found;not found;not found;not found;not found;not found;not found;not found;not found;not found;not found;not found;not found;not found;not found;not found;not found;99.99;99.99;99.99;99.99;99.99;99.99;89.99
35;https://lenta.com/product/maslo-lenta-slivochnoe-gost-vs-825-rossiya-450g-068184/;Масло сладкосливочное ЛЕНТА 82,5% высший сорт, без змж, 450г, Россия, 450 г;not found;not found;324.99;324.99;324.99;324.99;324.99;324.99;324.99;324.99;not found;not found;354.99;not found;not found;354.99;354.99;354.99;354.99;354.99;354.99;354.99;354.99;354.99;354.99;354.99;354.99;354.99;not found;not found;not found;not found;not found;354.99;354.99;not found;not found;not found;354.99;354.99;not found
36;https://lenta.com/product/maslo-tysyacha-ozer-sladkoslivochnoe-825-rossiya-180g-147651/;Масло сладкосливочное ТЫСЯЧА ОЗЕР несоленое 82,5%, без змж, 180г, Россия, 180 г;not found;not found;not found;not found;not found;not found;not found;not found;not found;not found;not found;not found;not found;not found;174.99;174.99;174.99;180.19;180.19;180.19;180.19;180.19;180.19;180.19;180.19;180.19;180.19;180.19;180.19;180.19;180.19;180.19;180.19;159.99;159.99;159.99;159.99;159.99;169.89;169.89;169.89
37;https://lenta.com/product/maslo-olivkovoe-borges-classic-100-st-ispaniya-05l-314212/;Масло оливковое BORGES Classic 100%, 500мл, Испания, 0,5 л;650.39;650.39;650.39;650.39;650.39;650.39;650.39;650.39;650.39;650.39;650.39;650.39;650.39;650.39;650.39;650.39;650.39;650.39;650.39;650.39;650.39;650.39;650.39;650.39;650.39;650.39;650.39;650.39;650.39;650.39;650.39;650.39;650.39;650.39;650.39;650.39;650.39;650.39;650.39;650.39;650.39
38;https://lenta.com/product/maslo-rastitelnoe-blago-smes-podsolnechno-olivkovaya-rossiya-1000ml-381265/;Масло растительное БЛАГО Смесь подсолнечно-оливковая, 1л, Россия, 1000 мл;149.89;149.89;149.89;149.89;149.89;149.89;149.89;149.89;149.89;149.89;149.89;201.39;201.39;201.39;201.39;201.39;201.39;201.39;201.39;201.39;201.39;201.39;201.39;201.39;201.39;201.39;201.39;201.39;201.39;201.39;201.39;201.39;201.39;201.39;201.39;201.39;201.39;201.39;201.39;201.39;201.39
39;https://lenta.com/product/pripravy-kamis-k-rybe-limonnaya-polsha-25g-358122/;Приправа KAMIS К рыбе лимонная, 25г, Польша, 25 г;39.89;39.89;39.89;39.89;39.89;39.89;39.89;39.89;39.89;39.89;39.89;39.89;39.89;39.89;39.89;39.89;39.89;39.89;39.89;39.89;39.89;39.89;39.89;39.89;39.89;53.49;53.49;53.49;53.49;53.49;53.49;53.49;53.49;53.49;53.49;53.49;53.49;53.49;53.49;53.49;53.49
40;https://lenta.com/product/specii-edim-doma-dkuricy-rossiya-20g-546265/;Специи для курицы ЕДИМ ДОМА, 20г, Россия, 20 г;44.99;44.99;44.99;44.99;44.99;44.99;44.99;44.99;44.99;44.99;44.99;44.99;44.99;44.99;44.99;44.99;44.99;44.99;44.99;44.99;44.99;44.99;44.99;44.99;44.99;44.99;44.99;44.99;44.99;44.99;44.99;44.99;44.99;44.99;44.99;44.99;44.99;44.99;44.99;44.99;44.99
41;https://lenta.com/product/priprava-kamis-perec-chernyjj-melnica-polsha-42g-068310/;Перец черный KAMIS мельница, 42г, Польша, 42 г;244.99;244.99;244.99;244.99;244.99;244.99;244.99;244.99;244.99;244.99;149.89;149.89;149.89;149.89;149.89;149.89;149.89;149.89;149.89;149.89;149.89;149.89;149.89;149.89;149.89;244.99;244.99;244.99;244.99;244.99;244.99;244.99;244.99;244.99;244.99;244.99;244.99;244.99;149.89;149.89;149.89
42;https://lenta.com/product/rybnye-konservy-skumbriya-naturalnaya-vm-rossiya-230250g-005383/;Скумбрия натуральная в масле, 240г, Россия, 240 г;51.89;51.89;51.89;51.89;51.89;51.89;51.89;52.89;52.89;52.89;52.89;52.89;52.89;52.89;52.89;52.89;54.49;54.49;54.49;54.49;54.49;54.49;54.49;54.49;54.49;54.49;54.49;54.49;54.49;54.49;54.49;54.49;54.49;51.89;51.89;51.89;51.89;51.89;51.89;51.89;51.89
43;https://lenta.com/product/rybnye-konservy-shproty-vkusnye-konservy-v-masle-zhb-s-klyuchom-rossiya-175g-521434/;Шпроты ВКУСНЫЕ КОНСЕРВЫ в масле, 175г, Россия, 175 г;139.89;139.89;139.89;139.89;139.89;139.89;139.89;139.89;139.89;139.89;99.89;99.89;99.89;99.89;99.89;99.89;99.89;99.89;99.89;99.89;99.89;99.89;99.89;99.89;99.89;139.89;139.89;139.89;139.89;139.89;139.89;139.89;139.89;139.89;139.89;139.89;139.89;139.89;99.99;99.99;99.99
44;https://lenta.com/product/rybnye-konservy-gorbusha-fregat-naturalnaya-banka-klyuch-rossiya-245g-219623/;Горбуша ФРЕГАТ натуральная, 240/245г, Россия, 240 /245г;146.89;146.89;146.89;146.89;146.89;146.89;146.89;146.89;146.89;146.89;146.89;146.89;146.89;146.89;146.89;146.89;146.89;146.89;146.89;146.89;146.89;146.89;146.89;146.89;146.89;153.99;not found;not found;not found;not found;not found;not found;not found;153.99;153.99;153.99;153.99;153.99;153.99;153.99;153.99
45;https://lenta.com/product/vodka-pyat-ozer-alk40-rossiya-025l-362377/;Водка ПЯТЬ ОЗЕР 40%, 0.25л, Россия, 0.25 L;172.99;181.59;not found;not found;not found;not found;not found;not found;not found;181.59;181.59;181.59;181.59;181.59;181.59;181.59;181.59;181.59;181.59;181.59;181.59;181.59;181.59;181.59;181.59;181.59;181.59;181.59;181.59;181.59;181.59;181.59;181.59;181.59;181.59;181.59;181.59;181.59;189.99;189.99;189.99
46;https://lenta.com/product/vodka-horticya-serebryanaya-prohlada-osobaya-alk40-rossiya-05l-295218/;Водка ХОРТИЦЯ Серебряная прохлада Особая 40%, 0.5л, Россия, 0.5 L;269.0;269.0;269.0;269.0;269.0;269.0;269.0;269.0;269.0;269.0;269.0;269.0;269.0;269.0;269.0;269.0;269.0;269.0;269.0;269.0;269.0;269.0;not found;269.0;269.0;298.99;298.99;298.99;298.99;298.99;298.99;298.99;298.99;298.99;298.99;298.99;298.99;298.99;298.99;298.99;298.99
47;https://lenta.com/product/vodka-russkijj-standart-alk-40-rossiya-05l-007569/;Водка РУССКИЙ СТАНДАРТ 40%, 0.5л, Россия, 0.5 L;369.0;369.0;369.0;369.0;369.0;369.0;369.0;369.0;369.0;369.0;369.0;369.0;369.0;369.0;369.0;369.0;369.0;369.0;369.0;369.0;369.0;369.0;369.0;466.09;379.0;379.0;379.0;379.0;379.00;379.00;379.00;379.00;379.00;379.00;379.00;379.00;379.00;379.00;466.09;466.09;466.09
48;https://lenta.com/product/konyak-starejjshina-sherry-barrel-pyatiletnijj-alk40-rossiya-05l-506688/;Коньяк СТАРЕЙШИНА Sherry Barrel 5 лет, 40%, 0.5л, Россия, 0.5 L;not found;not found;not found;not found;not found;not found;not found;649.0;649.0;649.0;649.0;649.0;649.0;649.0;649.0;649.0;649.0;649.0;649.0;649.0;649.0;649.0;649.0;649.0;649.0;1099.99;1099.99;1099.99;1099.99;1099.99;1099.99;1099.99;1099.99;1099.99;1099.99;1099.99;1099.99;1099.99;1099.99;1099.99;1099.99
49;https://lenta.com/product/konyak-staryjj-kenigsberg-rossijjskijj-vyderzhannyjj-kv-alk40-rossiya-05l-151548/;Коньяк СТАРЫЙ КЕНИГСБЕРГ Российский KV, 40%, 0.5л, Россия, 0.5 L;891.99;891.99;891.99;891.99;891.99;891.99;891.99;891.99;891.99;891.99;599.0;599.0;599.0;599.0;599.0;599.0;599.0;not found;599.0;599.0;599.0;599.0;599.0;891.99;891.99;891.99;891.99;891.99;891.99;891.99;891.99;891.99;891.99;891.99;891.99;891.99;891.99;891.99;891.99;891.99;891.99
50;https://lenta.com/product/konyak-nojj-armyanskijj-klassik-7-let-alk-40-pu-armeniya-05l-040388/;Коньяк НОЙ Армянский Классик 7 лет, 40%, п/у, 0.5л, Армения, 0.5 L;999.0;999.0;999.0;999.0;999.0;999.0;999.0;999.0;999.0;999.0;999.0;not found;999.0;999.0;999.0;999.0;999.0;999.0;999.0;999.0;999.0;999.0;999.0;999.0;999.0;1799.99;999.0;999.00;999.00;999.00;999.00;not found;not found;not found;not found;not found;not found;999.00;999.00;not found;not found
51;https://lenta.com/product/shampanskoe-abraudyurso-udelnoe-vedomstvo-klassicheskoe-vyderzh-bel-psuh-rossiya-075l-547319/;Шампанское АБРАУ-ДЮРСО УДЕЛЬНОЕ ВЕДОМСТВО Классическое выдержанное белое полусухое, 0.75л, Россия, 0.75 L;469.0;469.0;469.0;469.0;469.0;469.0;469.0;599.99;599.99;599.99;599.99;599.99;599.99;599.99;599.99;599.99;599.99;599.99;599.99;599.99;599.99;599.99;599.99;599.99;599.99;599.99;599.99;599.99;599.99;599.99;599.99;599.99;599.99;599.99;599.99;599.99;599.99;599.99;599.99;599.99;599.99
52;https://lenta.com/product/shampanskoe-novyjj-svet-rossijjskoe-vyderzhannoe-bel-psuh-rossiya-075l-351011/;Шампанское НОВЫЙ СВЕТ Российское выдержанное белое полусухое, 0.75л, Россия, 0.75 L;899.99;899.99;899.99;899.99;899.99;899.99;899.99;899.99;899.99;not found;not found;not found;not found;not found;not found;not found;not found;not found;not found;not found;not found;not found;not found;not found;not found;not found;not found;not found;not found;not found;not found;not found;not found;not found;not found;not found;not found;not found;not found;not found;not found
53;https://lenta.com/product/vino-zolotye-vorota-stol-bel-psl-rossiya-075l-566934/;Вино ЗОЛОТЫЕ ВОРОТА столовое белое полусладкое, 0.75л, Россия, 0.75 L;279.99;279.99;279.99;279.99;279.99;279.99;279.99;279.99;279.99;279.99;279.99;279.99;279.99;279.99;279.99;279.99;279.99;279.99;279.99;279.99;279.99;279.99;279.99;279.99;279.99;279.99;279.99;279.99;not found;279.99;279.99;279.99;279.99;279.99;279.99;279.99;279.99;279.99;279.99;279.99;279.99
54;https://lenta.com/product/vino-klassika-monastyrskoe-shushukane-krasnoe-psl-bolgariya-075l-145216/;Вино КЛАССИКА Монастырское Шушуканье красное полусладкое, 0.75л, Болгария, 0.75 L;419.99;419.99;419.99;419.99;419.99;419.99;419.99;219.99;219.99;219.99;219.99;219.99;219.99;219.99;419.99;419.99;419.99;419.99;419.99;419.99;419.99;419.99;419.99;419.99;419.99;419.99;419.99;419.99;419.99;419.99;419.99;419.99;419.99;419.99;419.99;419.99;419.99;419.99;259.99;259.99;259.99
55;https://lenta.com/product/vino-igristoe-martini-martini-bryut-beloe-italiya-075l-114774/;Вино игристое MARTINI Мартини Брют белое, 0.75л, Италия, 0.75 L;899.0;899.0;not found;899.0;899.0;899.0;899.0;899.0;899.0;899.0;899.0;899.0;899.0;899.0;899.0;899.0;899.0;899.0;899.0;899.0;899.0;899.0;899.0;899.0;899.0;899.0;899.0;899.00;899.00;899.00;899.00;899.00;899.00;899.00;899.00;899.00;899.00;899.00;899.00;899.00;899.00
56;https://lenta.com/product/vermut-martini-rosso-kr-sl-italiya-05l-043236/;Вермут MARTINI Rosso красный сладкий, 0.5л, Италия, 0.5 L;629.99;629.99;629.99;629.99;629.99;629.99;629.99;629.99;629.99;629.99;629.99;629.99;629.99;629.99;629.99;629.99;629.99;629.99;629.99;629.99;629.99;629.99;629.99;629.99;629.99;629.99;629.99;629.99;629.99;629.99;629.99;629.99;629.99;629.99;629.99;629.99;629.99;629.99;629.99;629.99;629.99
57;https://lenta.com/product/vermut-martini-extra-dry-ekstra-suh-bel-italiya-1l-043234/;Вермут MARTINI Extra Dry белый экстра сухой, 1л, Италия, 1 L;999.99;999.99;999.99;999.99;999.99;999.99;1171.49;899.0;899.0;899.0;899.0;899.0;899.0;899.0;899.0;899.0;899.0;899.0;899.0;899.0;not found;not found;not found;not found;not found;1171.49;1171.49;1171.49;1171.49;1171.49;1171.49;1171.49;1171.49;1171.49;1171.49;1171.49;1171.49;999.00;999.00;999.00;999.00
58;https://lenta.com/product/napitok-bezalkogolnyjj-fanta-apelsinovaya-silnogaz-pet-rossiya-05l-009846/;Напиток FANTA Апельсин сильногазированный, 0.5л, Россия, 0.5 L;71.19;71.19;66.89;66.89;66.89;66.89;66.89;66.89;66.89;66.89;66.89;49.89;49.89;49.89;49.89;49.89;49.89;49.89;49.89;49.89;49.89;49.89;49.89;49.89;49.89;49.89;49.89;49.89;49.89;49.89;49.89;49.89;49.89;49.89;49.89;49.89;49.89;49.89;48.89;48.89;48.89
59;https://lenta.com/product/napitok-bezalkogolnyjj-pepsi-cola-silnogaz-pet-rossiya-15l-479724/;Напиток PEPSI-COLA сильногазированный, 1.5л, Россия, 1.5 L;129.89;129.89;124.89;124.89;124.89;124.89;124.89;124.89;124.89;124.89;69.89;69.89;69.89;69.89;69.89;69.89;69.89;69.89;69.89;69.89;69.89;69.89;69.89;69.89;69.89;124.89;124.89;124.89;124.89;124.89;124.89;124.89;124.89;129.89;129.89;129.89;129.89;129.89;129.89;129.89;129.89
60;https://lenta.com/product/chipsy-lays-molodojj-zelenyjj-luk-rossiya-150g-320862/;Чипсы картофельные LAY'S Молодой зеленый лук, 150г, Россия, 150 г;99.89;99.89;99.89;99.89;99.89;99.89;99.89;99.89;99.89;99.89;84.89;84.89;84.89;84.89;84.89;84.89;84.89;84.89;84.89;84.89;84.89;84.89;84.89;84.89;84.89;99.89;99.89;99.89;99.89;99.89;99.89;99.89;99.89;99.89;99.89;99.89;99.89;99.89;99.89;99.89;84.99
61;https://lenta.com/product/chipsy-pringles-so-vkusom-smetany-i-luka-polsha-165g-013292/;Чипсы картофельные PRINGLES Сметана и лук, 165г, Польша, 165 г;129.89;129.89;129.89;129.89;129.89;129.89;129.89;129.89;129.89;129.89;139.99;139.99;139.99;139.99;139.99;139.99;139.99;139.99;139.99;139.99;129.99;129.99;129.99;129.99;129.99;189.59;189.59;189.59;189.59;189.59;189.59;189.59;189.59;195.39;195.39;195.39;195.39;195.39;195.39;195.39;195.39
62;https://lenta.com/product/shokolad-babaevskijj-gorkijj-rossiya-100g-118050/;Шоколад горький БАБАЕВСКИЙ, 100г, Россия, 100 г;59.89;59.89;59.89;59.89;59.89;59.89;59.89;59.89;59.89;59.89;59.89;59.89;59.89;59.89;59.89;59.89;59.89;59.89;59.89;59.89;59.89;59.89;59.89;59.89;59.89;132.99;132.99;132.99;132.99;132.99;132.99;59.89;59.89;59.89;59.89;59.89;59.89;59.89;59.89;59.89;59.89
63;https://lenta.com/product/salfetki-365-dnejj-24h24-1sl-rossiya-250sht-059079/;Салфетки бумажные 365 ДНЕЙ 1 слой 24х24, 250шт, Россия, 250 шт;59.99;59.99;59.99;59.99;59.99;59.99;59.99;59.99;59.99;59.99;59.99;59.99;59.99;59.99;59.99;59.99;59.99;59.99;59.99;59.99;59.99;59.99;59.99;59.99;59.99;59.99;59.99;59.99;59.99;59.99;59.99;59.99;59.99;59.99;59.99;59.99;59.99;59.99;59.99;59.99;59.99
64;https://lenta.com/product/bumazhnye-salfetki-bonvida-belye-3sl-24h24-rossiya-200sht-542517/;Салфетки бумажные BONVIDA 3-слоя белые 24х24, 200шт, Россия, 200 шт;199.99;199.99;199.99;199.99;199.99;199.99;199.99;199.99;199.99;199.99;199.99;199.99;199.99;199.99;199.99;199.99;199.99;199.99;199.99;not found;not found;not found;not found;not found;not found;not found;not found;not found;not found;not found;not found;not found;not found;not found;not found;not found;not found;not found;not found;not found;not found
65;https://lenta.com/product/prezervativy-durex-classic-velikobritaniya-12sht-142990/;Презервативы DUREX Classic, 12шт, Великобритания, 12 шт;495.99;495.99;495.99;495.99;495.99;495.99;495.99;495.99;495.99;495.99;659.29;659.29;659.29;659.29;581.99;581.99;581.99;581.99;581.99;581.99;581.99;581.99;581.99;581.99;581.99;659.29;659.29;659.29;659.29;659.29;659.29;659.29;659.29;692.19;692.19;692.19;692.19;692.19;641.99;641.99;641.99
66;https://lenta.com/product/ketchup-heinz-italyanskijj-rossiya-1000g-306066/;Кетчуп HEINZ Итальянский, 1000г, Россия, 1000 г;139.89;139.89;139.89;139.89;139.89;139.89;139.89;139.89;139.89;139.89;239.0;239.0;239.0;239.0;239.0;239.0;239.0;239.0;239.0;239.0;239.0;239.0;239.0;239.0;149.99;149.99;149.99;149.99;149.99;149.99;149.99;149.99;149.99;149.99;149.99;149.99;149.99;149.99;239.00;239.00;149.99
67;https://lenta.com/product/kofe-jacobs-velour-natur-rastvorimyjj-poroshkoobraznyjj-stb-velikobritaniya-95g-340083/;Кофе растворимый JACOBS Velour натуральный порошкообразный, ст/б, 95г, Россия, 95 г;351.99;351.99;351.99;351.99;351.99;351.99;351.99;351.99;351.99;351.99;351.99;351.99;351.99;351.99;351.99;179.89;179.89;179.89;179.89;179.89;351.99;179.89;179.89;351.99;179.89;179.89;179.89;179.89;179.89;179.89;179.89;179.89;179.89;179.89;179.89;179.89;179.89;179.89;351.99;351.99;351.99
